{
    "camera":
    {
        "resolution": [640, 480],
        "transform": [
            {
                "lookat":
                {
                    "position": [1, -0.5, 0],
                    "target": [0, 0, -5],
                    "up": [0, 1, 0]
                }
            }
        ],
        "s": 1.5,
        "z_near": 1e-6
    },
    "background": [
        0.5, 0.5, 0.5
    ],
    "objects": [
        {
            "filename": "tetrahedron.ply",
            "transform": [
                {"scale": [1.5, 0.8, 0.7]},
                {"translate": [0.1, -0.1, 0.05]}
            ]
        }
    ]
}
