{
    "camera":
    {
        "resolution": [640, 480],
        "transform": [
            {
                "lookat":
                {
                    "position": [1, -0.5, 0],
                    "target": [0, 0, 0],
                    "up": [0, 1, 0]
                }
            }
        ],
        "s": 0.4,
        "z_near": 1e-6
    },
    "background": [
        0.5, 0.5, 0.5
    ],
    "objects": [
        {
            "filename": "apple.ply",
            "transform": [
                {"rotate": [180, 1, 0, 0]}
            ]
        }
    ]
}
