{
    "resolution": [600, 650],
    "background": [
        0.5, 0.5, 0.5
    ],
    "objects": [
        {
            "type": "rectangle",
            "p_min": [100, 100],
            "p_max": [300, 350],
            "color": [0.8, 0.3, 0.8],
            "alpha": 0.7
        },
        {
            "type": "rectangle",
            "p_min": [150, 150],
            "p_max": [350, 400],
            "color": [0.3, 0.8, 0.8],
            "alpha": 0.8
        },
        {
            "type": "rectangle",
            "p_min": [200, 200],
            "p_max": [400, 450],
            "color": [0.8, 0.8, 0.3],
            "alpha": 0.6
        },
        {
            "type": "rectangle",
            "p_min": [250, 250],
            "p_max": [450, 500],
            "color": [0.3, 0.8, 0.3],
            "alpha": 0.5
        },
        {
            "type": "rectangle",
            "p_min": [300, 300],
            "p_max": [500, 550],
            "color": [0.3, 0.3, 0.8],
            "alpha": 0.4
        }
    ]
}