{
    "resolution": [800, 450],
    "background": [
        0.5, 0.5, 0.5
    ],
    "objects": [
        {
            "type": "circle",
            "center": [400, 225],
            "radius": 200,
            "color": [0.3, 0.8, 0.3]
        },
        {
            "type": "rectangle",
            "p_min": [100, 100],
            "p_max": [300, 350],
            "color": [0.8, 0.3, 0.8]
        },
        {
            "type": "triangle",
            "p0": [750, 50],
            "p1": [700, 400],
            "p2": [200, 250],
            "color": [0.8, 0.8, 0.5]
        }
    ]
}