{
    "resolution": [640, 360],
    "background": [
        0.5, 0.5, 0.5
    ],
    "objects": [
        {
            "type": "circle",
            "color": [0.4, 0.7, 0.3],
            "transform": [
                {"scale": [250, 70]},
                {"rotate": 70},
                {"translate": [300, 160]}
            ]
        },
        {
            "type": "rectangle",
            "color": [0.4, 0.7, 0.4],
            "transform": [
                {"scale": [250, 200]},
                {"shear_x": -1},
                {"translate": [70, 50]}
            ]
        },
        {
            "type": "triangle",
            "color": [0.3, 0.8, 0.8],
            "transform": [
                {"scale": [180, 220]},
                {"shear_y": 1},
                {"translate": [380, 120]}
            ]
        }
    ]
}