{
    "camera":
    {
        "resolution": [800, 600],
        "transform": [
            {
                "lookat":
                {
                    "position": [3, 5, 5],
                    "target": [0, 0, 0],
                    "up": [0, 1, 0]
                }
            }
        ],
        "s": 0.4,
        "z_near": 1e-6
    },
    "background": [
        0.5, 0.5, 0.5
    ],
    "objects": [
        {
            "filename": "apple.ply"
        }
    ]
}
