{
    "camera":
    {
        "resolution": [800, 600],
        "transform": [
            {
                "lookat":
                {
                    "position": [150, -150, 32],
                    "target": [0, 0, 32],
                    "up": [0, 0, 1]
                }
            }
        ],
        "s": 0.4,
        "z_near": 0.1,
        "z_far": 300
    },
    "background": [
        0.5, 0.5, 0.5
    ],
    "objects": [
        {
            "filename": "teapot.ply"
        }
    ]
}
